id,topic,source,label,predicted,confidence,words,error_type,excerpt,category,explanation
253,Entertainment,Radio Formula,true,fake,0.7551,178,FN: verdadera predicha como falsa,"Adal Ramones no protagonizará ""Gutierritos"". Con Javier Poza El actor Adal Ramones ya no será el protagonista de la telenovela que prepara el productor Emilio Larrosa para Televisa, ""Gutierritos"", proyecto del que ya se había hecho un pilot",A. Verdadera con estilo de rumor,"Farándula basada en ""gente del equipo"" y un programa de radio; el texto repite el párrafo inicial. Fuentes indirectas típicas de las falsas."
173,Politics,Excelsior,true,fake,0.7296,207,FN: verdadera predicha como falsa,"Anaya dice 'sí a la tolerancia' ante comunidad gay de Nuevo León Staff del precandidato intentó cubrir la bandera de la comunidad gay con cartulinas en apoyo a Anaya; previamente, los manifestantes intentaron 'reventar' el evento La comunid",D. Tema compartido entre clases,"Política electoral (Anaya, comunidad gay); el corpus contiene muchas falsas sobre candidatos de 2018 con el mismo vocabulario."
22,Society,Milenio,true,fake,0.7243,132,FN: verdadera predicha como falsa,"McDonald's tiene una nueva hamburguesa para los veganos Está hecha con carne de soya y una salsa especial llamada ""vegan McFeast"". Sólo se venderá en Finlandia y Suecia por el momento. Si por algo se caracteriza McDonald's es por su ya trad",C. Verdadera insólita o sensacionalista,Hecho real pero llamativo (hamburguesa vegana) con tono ligero y comparaciones coloquiales.
289,Entertainment,EL UNIVERSAL,true,fake,0.7111,395,FN: verdadera predicha como falsa,"A Belinda le gustaría apoyar al gobierno de AMLO Belinda dijo que aún no ha hablado de la posibilidad de tener un cargo político en la nueva administración ""Mi apoyo ha sido porque yo he querido, por convicción"", declaró Belinda sobre AMLO.",D. Tema compartido entre clases,"Farándula y política (Belinda y AMLO) con citas largas en primera persona (""yo"", ""nos""), rasgos que el modelo pesa hacia falsa."
279,Entertainment,Excelsior,true,fake,0.674,446,FN: verdadera predicha como falsa,"Daddy Yankee desmiente ser gay El reggaetonero puertorriqueño Daddy Yankee desmiente que se haya declarado homosexual, luego que circulara una foto falsa en algunos medios digitales El reggaetonero puertorriqueño Daddy Yankee desmintió que ",B. Desmentido que reproduce el bulo,"Noticia verdadera que desmiente un rumor y, para hacerlo, reproduce la afirmación falsa y sus citas. El vocabulario del bulo domina el texto."
89,Health,El país,true,fake,0.6635,173,FN: verdadera predicha como falsa,"Barba, una moda que daña tu salud Se comporta como una ""esponja"" que atrapa suciedad y bacterias. La barba y el bigote se han convertido en los accesorios de moda preferidos entre los hombres, sin embargo podrían dañar la salud, ¿Por qué? G",C. Verdadera insólita o sensacionalista,"Titular alarmista de salud (""daña tu salud"") apoyado en Daily Mail; estilo de clickbait aunque la nota es real."
152,Sport,ESPN,true,fake,0.6544,219,FN: verdadera predicha como falsa,"Gullit Peña se rehabilita en centro de JC Chávez El 'Gullit' quiere regresar con todo. El futbolista mexicano Carlos Peña se encuentra recluido en una clínica de rehabilitación llamada Baja del Sol, de la cual es dueño la leyenda del boxeo ",A. Verdadera con estilo de rumor,"Se apoya en ""allegados"" y ""nuestro informante""; atribución anónima que el modelo asocia con la clase falsa."
124,Sport,El Universal,true,fake,0.6502,466,FN: verdadera predicha como falsa,"FIFA prohíbe máscaras en Rusia El diplomático advirtió que el motivo de no respetar las reglas podrá llevar a sanciones económicas para la Federación Mexicana de Futbol El embajador de Rusia en México, Eduard R. Malayán, aclaró que la prohi",B. Desmentido que reproduce el bulo,El embajador aclara una publicación previa sobre máscaras; el texto cita la versión difundida en internet antes de corregirla.
126,Sport,EL UNIVERSAL,true,fake,0.637,260,FN: verdadera predicha como falsa,"Las Chivas están atadas de manos por Televisa La televisora quiere que su señal se vea en las pantallas del estadio Chivas La directiva del Guadalajara, y en especial la producción de Chivas TV, no saben qué hacer ante la petición que Telev",A. Verdadera con estilo de rumor,"Tono de columna deportiva sin citas verificables; conectores como ""ahora lo que"" y narración especulativa."
148,Sport,Milenio,true,fake,0.6249,220,FN: verdadera predicha como falsa,"Alan Pulido podría salir de Chivas Gente cercana al jugador insiste en que la directiva de Chivas le está buscando acomodo al atacante tamaulipeco. En la conferencia de prensa después del juego contra León, Paco Gabriel de Anda, director de",A. Verdadera con estilo de rumor,"Titular condicional (""podría salir"") y ""gente cercana al jugador""; especulación de mercado de fichajes."
159,Politics,ARGUMENTO POLÍTICO,fake,true,0.9192,294,FP: falsa predicha como verdadera,"Mientras nos siguen distrayendo con Nestora Salgado, Peña Nieto se robó *NUMBER* mil millones de pesos de CFE y PEMEX Durante el gobierno de Enrique Peña Nieto se retiraron en secreto *NUMBER* mil *NUMBER* millones de pesos del patrimonio n",E. Falsa con registro periodístico,"Cita a la Secretaría de Hacienda, usa muchas cifras y lenguaje formal; las cifras empujan hacia verdadera."
181,Politics,Criterio Universal,fake,true,0.9151,1194,FP: falsa predicha como verdadera,"Exhiben pacto Duarte-Morena Desnudan a Rocío Nahle en pacto Duarte-Morena; videos en poder de la PGR exhiben además a la candidata al gobierno del Estado de México, Delfina Gómez, Cuitláhuac García Jiménez y a Ricardo Monrreal. El ex gobern",E. Falsa con registro periodístico,"Texto largo (1194 palabras), atribuye a videos en poder de la PGR y menciona montos; imita una investigación periodística."
207,Politics,Sin embargo,fake,true,0.8901,667,FP: falsa predicha como verdadera,"Forbes afirma que Angélica Rivera está ya en la lista de mexicanos millonarios en EU La Primera Dama de México, Angélica Rivera Hurtado está en la lista de ""millonarios"" mexicanos que tienen propiedades de lujo en Estados Unidos, según una ",E. Falsa con registro periodístico,Se presenta como resumen de una nota de Forbes con cifras y porcentajes; la atribución a un medio reconocido le da apariencia veraz.
44,Society,ARGUMENTO POLÍTICO,fake,true,0.7983,225,FP: falsa predicha como verdadera,"Hitler no murió en Berlin, escapó y vivió en Colombia, revelan documentos de la CIA Un documento desclasificado de la CIA de Estados Unidos dice que Adolfo Hitler habría sobrevivido tras la Segunda Guerra Mundial y se habría establecido en ",E. Falsa con registro periodístico,"Afirma basarse en documentos desclasificados de la CIA, con fechas y códigos; estructura de noticia documental."
103,Economy,Alerta digital,fake,true,0.7841,379,FP: falsa predicha como verdadera,El Gobierno de Sánchez gastará *NUMBER* millones de euros en demoler el Valle de los Caídos y exhumar los huesos de más de *NUMBER* republicanos Los vetos que el Gobierno de Mariano Rajoy impuso a la reforma de la Memoria Histórica tienen l,E. Falsa con registro periodístico,"Redacción institucional (""según fuentes de la dirección socialista"") y montos en euros; sin rasgos de sátira."
213,Politics,Retroceso,fake,true,0.7243,176,FP: falsa predicha como verdadera,"AMLO gasta *NUMBER* millones de pesos al año sólo en boletos de avión/Verificado2018 Andrés Manuel López Obrador, en promedio viaja a *NUMBER* estados diarios en avión. Imagínate cuanto dinero en vuelos tiene que gastar, todo por andar haci",E. Falsa con registro periodístico,"Cálculo con muchas cifras; el titular incluye la marca Verificado2018, señal de que el texto proviene del contexto de verificación."
108,Economy,Info bae,fake,true,0.7077,1142,FP: falsa predicha como verdadera,Aumentaron el sueldo a los presos: ahora ganan *NUMBER*% más que un jubilado El Servicio Penitenciario Federal está en problemas. El aumento del salario mínimo alcanza a *NUMBER*% de los *NUMBER* presos que tienen alojados en sus veintiocho,F. Ambigüedad o posible ruido de etiqueta,"Publicada por Infobae, medio establecido; el titular exagera pero el cuerpo describe un aumento real del salario mínimo. La etiqueta merece revisión."
32,Society,Actualidad RT,fake,true,0.6901,275,FP: falsa predicha como verdadera,"""Las puertas del infierno"": Un extraño video universitario causa 'terror' en la Red Un polémico video para 'enganchar' a nuevas integrantes a una hermandad universitaria ha sido catalogado como ""extraño"", ""terrorífico"" y rápidamente se vira",F. Ambigüedad o posible ruido de etiqueta,Historia viral sobre un video universitario contada con fuentes periodísticas (The Kansas City Star); difícil de distinguir de una nota real.
91,Health,Novedades Quitana Roo,fake,true,0.6813,364,FP: falsa predicha como verdadera,"Mortal enfermedad, a su alcance en las latas de refresco El resguardo de los envases en bodegas permite la acumulación de bacterias, las cuales pueden llevar a la muerte. El contacto con la boquilla de las latas es suficiente para contraer ",F. Ambigüedad o posible ruido de etiqueta,Diario local que informa sobre un mensaje viral de Facebook; el texto mezcla la alerta falsa con información sanitaria.
107,Economy,Lamula,fake,true,0.6547,643,FP: falsa predicha como verdadera,"¿Se debe pagar Impuesto a la Renta por el uso de satélites de comunicación? ""No se puede pagar por una actividad que no está territorializada"", dice David Chávez, docente de la PUCP. La disputa entre la Sunat y Telefónica por el pago (o ret",F. Ambigüedad o posible ruido de etiqueta,Nota explicativa sobre un litigio tributario con declaraciones de un docente; no se aprecian rasgos de falsedad en el texto.
