term,weight,class
ya,-3.04758906334698,fake
todo,-2.101783755372739,fake
esto,-1.9785429072188376,fake
pues,-1.9440549964006657,fake
ya que,-1.843314534269743,fake
será,-1.7387319738573683,fake
lo,-1.6751264533594439,fake
nadie,-1.6028416854723597,fake
nos,-1.5846456015802317,fake
no,-1.5515819915904563,fake
cual,-1.4391692678092145,fake
ha,-1.4215184027488712,fake
declaraciones,-1.3643330127940803,fake
pero,-1.3554356745013734,fake
amlo,-1.2669457094495922,fake
en el,3.013444298882882,true
number,2.9361034181881505,true
number de,2.760280320868732,true
de number,2.339691677306692,true
en number,2.336129266957048,true
el number,2.036031507474037,true
en la,1.9002927562523666,true
aseguró,1.8569690478458472,true
cinco,1.7482970020648458,true
number number,1.7071020288560412,true
domingo,1.6461366379026852,true
mil,1.6419929743623116,true
tres,1.545936996304111,true
tiene,1.499043039777001,true
sobre,1.4988398460712145,true
