id,category,explanation
253,A. Verdadera con estilo de rumor,"Farándula basada en ""gente del equipo"" y un programa de radio; el texto repite el párrafo inicial. Fuentes indirectas típicas de las falsas."
152,A. Verdadera con estilo de rumor,"Se apoya en ""allegados"" y ""nuestro informante""; atribución anónima que el modelo asocia con la clase falsa."
126,A. Verdadera con estilo de rumor,"Tono de columna deportiva sin citas verificables; conectores como ""ahora lo que"" y narración especulativa."
148,A. Verdadera con estilo de rumor,"Titular condicional (""podría salir"") y ""gente cercana al jugador""; especulación de mercado de fichajes."
279,B. Desmentido que reproduce el bulo,"Noticia verdadera que desmiente un rumor y, para hacerlo, reproduce la afirmación falsa y sus citas. El vocabulario del bulo domina el texto."
124,B. Desmentido que reproduce el bulo,"El embajador aclara una publicación previa sobre máscaras; el texto cita la versión difundida en internet antes de corregirla."
22,C. Verdadera insólita o sensacionalista,"Hecho real pero llamativo (hamburguesa vegana) con tono ligero y comparaciones coloquiales."
89,C. Verdadera insólita o sensacionalista,"Titular alarmista de salud (""daña tu salud"") apoyado en Daily Mail; estilo de clickbait aunque la nota es real."
173,D. Tema compartido entre clases,"Política electoral (Anaya, comunidad gay); el corpus contiene muchas falsas sobre candidatos de 2018 con el mismo vocabulario."
289,D. Tema compartido entre clases,"Farándula y política (Belinda y AMLO) con citas largas en primera persona (""yo"", ""nos""), rasgos que el modelo pesa hacia falsa."
159,E. Falsa con registro periodístico,"Cita a la Secretaría de Hacienda, usa muchas cifras y lenguaje formal; las cifras empujan hacia verdadera."
181,E. Falsa con registro periodístico,"Texto largo (1194 palabras), atribuye a videos en poder de la PGR y menciona montos; imita una investigación periodística."
207,E. Falsa con registro periodístico,"Se presenta como resumen de una nota de Forbes con cifras y porcentajes; la atribución a un medio reconocido le da apariencia veraz."
44,E. Falsa con registro periodístico,"Afirma basarse en documentos desclasificados de la CIA, con fechas y códigos; estructura de noticia documental."
103,E. Falsa con registro periodístico,"Redacción institucional (""según fuentes de la dirección socialista"") y montos en euros; sin rasgos de sátira."
213,E. Falsa con registro periodístico,"Cálculo con muchas cifras; el titular incluye la marca Verificado2018, señal de que el texto proviene del contexto de verificación."
108,F. Ambigüedad o posible ruido de etiqueta,"Publicada por Infobae, medio establecido; el titular exagera pero el cuerpo describe un aumento real del salario mínimo. La etiqueta merece revisión."
107,F. Ambigüedad o posible ruido de etiqueta,"Nota explicativa sobre un litigio tributario con declaraciones de un docente; no se aprecian rasgos de falsedad en el texto."
91,F. Ambigüedad o posible ruido de etiqueta,"Diario local que informa sobre un mensaje viral de Facebook; el texto mezcla la alerta falsa con información sanitaria."
32,F. Ambigüedad o posible ruido de etiqueta,"Historia viral sobre un video universitario contada con fuentes periodísticas (The Kansas City Star); difícil de distinguir de una nota real."
